Grupo de Prioridade;Cenário;Identificador;Grupo de Processo;Unidade de Negócio;Área de Negócio;Lider do Cenário;Meu Envolvimento;Situação x Planejamento;Qtde. Execuções Concluídas;Status
P1;Calculo das Taxas de Recursos;MAIS_FRANGO.PPE.0013.V6;Planejamento de Produção ao Estoque;MAIS FRANGO MIRAGUAI LTDA;Controladoria;Marco Uliano;Sem Atividade;Dentro do Planejamento;0;Não Iniciado
P1;Calculo das Taxas de Recursos;MAR_E_TERRA.PPE.0023.V6;Planejamento de Produção ao Estoque;MAR & TERRA INDUSTRIA E COMERCIO DE PESCADOS S.A;Controladoria;Marco Uliano;Sem Atividade;Dentro do Planejamento;0;Não Iniciado
P1;Contabilização de Custos;MAR_E_TERRA.PPE.0025.V6;Planejamento de Produção ao Estoque;MAR & TERRA INDUSTRIA E COMERCIO DE PESCADOS S.A;Controladoria;Marco Uliano;Sem Atividade;Dentro do Planejamento;0;Não Iniciado
P1;Contabilização de Custos;MAIS_FRANGO.PPE.0015.V6;Planejamento de Produção ao Estoque;MAIS FRANGO MIRAGUAI LTDA;Controladoria;Marco Uliano;Sem Atividade;Dentro do Planejamento;0;Não Iniciado
P1;Custo Gerencial Frango Vivo;MAIS_FRANGO.PPE.0018.V5;Planejamento de Produção ao Estoque;MAIS FRANGO MIRAGUAI LTDA;Controladoria;Marco Uliano;Sem Atividade;Dentro do Planejamento;0;Não Iniciado
P1;Custo Gerencial Peixe Vivo;MAR_E_TERRA.PPE.0128.V3;Planejamento de Produção ao Estoque;MAR & TERRA INDUSTRIA E COMERCIO DE PESCADOS S.A;Controladoria;Marco Uliano;Sem Atividade;Dentro do Planejamento;0;Não Iniciado
P1;Fechar Período de Custos;GPL_TRADING.PPE.0004.V4;Planejamento de Produção ao Estoque;GPL TRADING IMPORTACAO E EXPORTACAO LTDA;Controladoria;Paulo Pacheco;Sem Atividade;Ok;1;Concluído
P1;Fechar Período de Custos;PLUMA_GEN.PPE.0016.V4;Planejamento de Produção ao Estoque;PLUMA GENETICS LTDA;Controladoria;Paulo Pacheco;Sem Atividade;Ok;1;Concluído
P1;Fechar Período de Custos;BELLO.PPE.0051.V4;Planejamento de Produção ao Estoque;BELLO ALIMENTOS LTDA;Controladoria;Marco Uliano;Sem Atividade;Ok;1;Concluído
P1;Indice de absorção da carne Frigorifico Itapora;MAR_E_TERRA.PPE.0135.V3;Planejamento de Produção ao Estoque;MAR & TERRA INDUSTRIA E COMERCIO DE PESCADOS S.A;Controladoria;Marco Uliano;Sem Atividade;Dentro do Planejamento;0;Não Iniciado
P1;Indice de absorção da carne Frigorifico Miraguai;MAIS_FRANGO.PPE.0027.V3;Planejamento de Produção ao Estoque;MAIS FRANGO MIRAGUAI LTDA;Controladoria;Marco Uliano;Sem Atividade;Dentro do Planejamento;0;Não Iniciado
P1;Ordem de Produção (Embutidos) Descongelamento - Mais Frango;MAIS_FRANGO.PPE.0021.V3;Planejamento de Produção ao Estoque;MAIS FRANGO MIRAGUAI LTDA;Manufatura;Marco Uliano;Sem Atividade;Dentro do Planejamento;0;Não Iniciado
P1;Ordem de Produção (Embutidos) Elaborados - Mais Frango;MAIS_FRANGO.PPE.0026.V3;Planejamento de Produção ao Estoque;MAIS FRANGO MIRAGUAI LTDA;Manufatura;Marco Uliano;Sem Atividade;Dentro do Planejamento;0;Não Iniciado
P1;Ordem de Produção (Embutidos) Massadas - Mais Frango;MAIS_FRANGO.PPE.0025.V3;Planejamento de Produção ao Estoque;MAIS FRANGO MIRAGUAI LTDA;Manufatura;Marco Uliano;Sem Atividade;Dentro do Planejamento;0;Não Iniciado
P1;Ordem de Produção (Embutidos) Premix - Mais Frango;MAIS_FRANGO.PPE.0022.V3;Planejamento de Produção ao Estoque;MAIS FRANGO MIRAGUAI LTDA;Manufatura;Marco Uliano;Sem Atividade;Dentro do Planejamento;0;Não Iniciado
P1;Ordem de Produção (Embutidos) Produto Acabado - Mais Frango;MAIS_FRANGO.PPE.0020.V3;Planejamento de Produção ao Estoque;MAIS FRANGO MIRAGUAI LTDA;Manufatura;Marco Uliano;Sem Atividade;Dentro do Planejamento;0;Não Iniciado
P1;Ordem de Produção (Fabrica de Ração) - Mais Frango;MAIS_FRANGO.PPE.005.V6;Planejamento de Produção ao Estoque;MAIS FRANGO MIRAGUAI LTDA;Manufatura;Marco Uliano;Sem Atividade;Dentro do Planejamento;0;Não Iniciado
P1;Ordem de Produção (Fabrica de Ração) - Mar e Terra;MAR_E_TERRA.PPE.0132.V3;Planejamento de Produção ao Estoque;MAR & TERRA INDUSTRIA E COMERCIO DE PESCADOS S.A;Manufatura;Marco Uliano;Sem Atividade;Dentro do Planejamento;0;Não Iniciado
P1;Ordem de Produção Frango Vivo - Mais Frango;MAIS_FRANGO.PPE.0024.V3;Planejamento de Produção ao Estoque;MAIS FRANGO MIRAGUAI LTDA;Manufatura;Marco Uliano;Sem Atividade;Dentro do Planejamento;0;Não Iniciado
P1;Ordem de Produção (Frigorifico) Ordem Processo - Mais Frango;MAIS_FRANGO.PPE.010.V6;Planejamento de Produção ao Estoque;MAIS FRANGO MIRAGUAI LTDA;Manufatura;Marco Uliano;Sem Atividade;Dentro do Planejamento;0;Não Iniciado
P1;Ordem de Produção Incubatório - Mais Frango;MAIS_FRANGO.PPE.0023.V3;Planejamento de Produção ao Estoque;MAIS FRANGO MIRAGUAI LTDA;Manufatura;Marco Uliano;Sem Atividade;Dentro do Planejamento;0;Não Iniciado
P1;Ordem de Produção Incubatório - Pluma Casa Branca;PLUMA_AGRO.PPE.0341.V3;Planejamento de Produção ao Estoque;PLUMA AGROAVICOLA LTDA;Manufatura;Paulo Pacheco;Sem Atividade;Dentro do Planejamento;0;Não Iniciado
P1;Ordem de Produção Incubatorio Para Terceiros - Mais Frango;MAIS_FRANGO.PPE.0019.V3;Planejamento de Produção ao Estoque;MAIS FRANGO MIRAGUAI LTDA;Manufatura;Marco Uliano;Sem Atividade;Dentro do Planejamento;0;Não Iniciado
P1;Ordem de Produção Peixe Vivo Parceria - Mar e Terra;MAR_E_TERRA.PPE.0134.V3;Planejamento de Produção ao Estoque;MAR & TERRA INDUSTRIA E COMERCIO DE PESCADOS S.A;Manufatura;Marco Uliano;Sem Atividade;Dentro do Planejamento;0;Não Iniciado
P1;Ordem de Produção Peixe Vivo Proprio - Mar e Terra Ap do Taboado;MAR_E_TERRA.PPE.0129.V3;Planejamento de Produção ao Estoque;MAR & TERRA INDUSTRIA E COMERCIO DE PESCADOS S.A;Manufatura;Marco Uliano;Sem Atividade;Dentro do Planejamento;0;Não Iniciado
P1;Ordem de Produção Peixe Vivo Proprio - Mar e Terra Dourados;MAR_E_TERRA.PPE.0131.V3;Planejamento de Produção ao Estoque;MAR & TERRA INDUSTRIA E COMERCIO DE PESCADOS S.A;Manufatura;Marco Uliano;Sem Atividade;Dentro do Planejamento;0;Não Iniciado
P1;Ordem de Produção Peixe Vivo Proprio - Mar e Terra Rio Brilhante;MAR_E_TERRA.PPE.0133.V3;Planejamento de Produção ao Estoque;MAR & TERRA INDUSTRIA E COMERCIO DE PESCADOS S.A;Manufatura;Marco Uliano;Sem Atividade;Dentro do Planejamento;0;Não Iniciado
P1;Ordem de Produção Peixe Vivo Proprio - Mar e Terra Sante Fe do Sul;MAR_E_TERRA.PPE.0130.V3;Planejamento de Produção ao Estoque;MAR & TERRA INDUSTRIA E COMERCIO DE PESCADOS S.A;Manufatura;Marco Uliano;Sem Atividade;Dentro do Planejamento;0;Não Iniciado
P1;Realizar Fechamento de Custos;MAR_E_TERRA.PPE.0027.V6;Planejamento de Produção ao Estoque;MAR & TERRA INDUSTRIA E COMERCIO DE PESCADOS S.A;Controladoria;Marco Uliano;Sem Atividade;Dentro do Planejamento;0;Não Iniciado
P1;Realizar Fechamento de Custos;MAIS_FRANGO.PPE.0017.V6;Planejamento de Produção ao Estoque;MAIS FRANGO MIRAGUAI LTDA;Controladoria;Marco Uliano;Sem Atividade;Dentro do Planejamento;0;Não Iniciado
P1;Relatórios de Verificação de Custos;MAR_E_TERRA.PPE.0024.V6;Planejamento de Produção ao Estoque;MAR & TERRA INDUSTRIA E COMERCIO DE PESCADOS S.A;Controladoria;Marco Uliano;Sem Atividade;Dentro do Planejamento;0;Não Iniciado
P1;Relatórios de Verificação de Custos;MAIS_FRANGO.PPE.0014.V6;Planejamento de Produção ao Estoque;MAIS FRANGO MIRAGUAI LTDA;Controladoria;Marco Uliano;Sem Atividade;Dentro do Planejamento;0;Não Iniciado
P1;Transformação Peixe Comprado;MAR_E_TERRA.PPE.0127.V5;Planejamento de Produção ao Estoque;MAR & TERRA INDUSTRIA E COMERCIO DE PESCADOS S.A;Manufatura;Marco Uliano;Sem Atividade;Dentro do Planejamento;0;Não Iniciado
P10;Ordem de Produção (Fabrica de Ração) - Pluma Dois Vizinhos;PLUMA_AGRO.PPE.0339.V1;Planejamento de Produção ao Estoque;PLUMA AGROAVICOLA LTDA;Manufatura;Paulo Pacheco;Sem Atividade;Dentro do Planejamento;0;Em Andamento
P2;Calculo das Taxas de Recursos;ASTRA.PPE.0008.V6;Planejamento de Produção ao Estoque;ASTRA COMERCIAL DE PRODUTOS ALIMENTICIOS LTDA;Controladoria;Marco Uliano;Sem Atividade;Dentro do Planejamento;0;Não Iniciado
P2;Calculo das Taxas de Recursos;CASSILANDIA.PPE.0015.V6;Planejamento de Produção ao Estoque;CASSILANDIA AGROAVICOLA LTDA;Controladoria;Paulo Pacheco;Sem Atividade;Dentro do Planejamento;0;Não Iniciado
P2;Contabilização de Custos;ASTRA.PPE.0009.V6;Planejamento de Produção ao Estoque;ASTRA COMERCIAL DE PRODUTOS ALIMENTICIOS LTDA;Controladoria;Marco Uliano;Sem Atividade;Dentro do Planejamento;0;Não Iniciado
P2;Contabilização de Custos;CASSILANDIA.PPE.0014.V6;Planejamento de Produção ao Estoque;CASSILANDIA AGROAVICOLA LTDA;Controladoria;Paulo Pacheco;Sem Atividade;Dentro do Planejamento;0;Não Iniciado
P2;Custo Gerencial Frango Vivo;ASTRA.PPE.0016.V3;Planejamento de Produção ao Estoque;ASTRA COMERCIAL DE PRODUTOS ALIMENTICIOS LTDA;Controladoria;Marco Uliano;Sem Atividade;Dentro do Planejamento;0;Não Iniciado
P2;Indice de absorção da carne Frigorifico Itapui;ASTRA.PPE.0015.V3;Planejamento de Produção ao Estoque;ASTRA COMERCIAL DE PRODUTOS ALIMENTICIOS LTDA;Controladoria;Marco Uliano;Sem Atividade;Dentro do Planejamento;0;Não Iniciado
P2;Ordem de Produção (Fabrica de Ração) - Cassilândia;CASSILANDIA.PPE.0020.V3;Planejamento de Produção ao Estoque;CASSILANDIA AGROAVICOLA LTDA;Manufatura;Marco Uliano;Sem Atividade;Dentro do Planejamento;0;Não Iniciado
P2;Ordem de Produção (Fabrica de Ração) Em Terceiros - Astra Itapui;ASTRA.PPE.0014.V3;Planejamento de Produção ao Estoque;ASTRA COMERCIAL DE PRODUTOS ALIMENTICIOS LTDA;Manufatura;Marco Uliano;Sem Atividade;Dentro do Planejamento;0;Não Iniciado
P2;Ordem de Produção (FFO) Em Terceiros - Astra Itapui;ASTRA.PPE.0012.V5;Planejamento de Produção ao Estoque;ASTRA COMERCIAL DE PRODUTOS ALIMENTICIOS LTDA;Manufatura;Marco Uliano;Sem Atividade;Dentro do Planejamento;0;Não Iniciado
P2;Ordem de Produção Frango Vivo - Astra Itapui;ASTRA.PPE.0017.V3;Planejamento de Produção ao Estoque;ASTRA COMERCIAL DE PRODUTOS ALIMENTICIOS LTDA;Manufatura;Marco Uliano;Sem Atividade;Dentro do Planejamento;0;Não Iniciado
P2;Ordem de Produção (Frigorifico) Em Terceiros - Astra Itapui;ASTRA.PPE.0013.V3;Planejamento de Produção ao Estoque;ASTRA COMERCIAL DE PRODUTOS ALIMENTICIOS LTDA;Manufatura;Marco Uliano;Sem Atividade;Dentro do Planejamento;0;Não Iniciado
P2;Ordem de Produção (Frigorifico) Ordem Processo - Astra;ASTRA.PPE.002.V6;Planejamento de Produção ao Estoque;ASTRA COMERCIAL DE PRODUTOS ALIMENTICIOS LTDA;Manufatura;Marco Uliano;Sem Atividade;Dentro do Planejamento;0;Não Iniciado
P2;Ordem de Produção Incubatório - Cassilandia;CASSILANDIA.PPE.0018.V5;Planejamento de Produção ao Estoque;CASSILANDIA AGROAVICOLA LTDA;Manufatura;Marco Uliano;Sem Atividade;Dentro do Planejamento;0;Não Iniciado
P2;Ordem de Produção Ovos Ferteis - Cassilandia;CASSILANDIA.PPE.0019.V3;Planejamento de Produção ao Estoque;CASSILANDIA AGROAVICOLA LTDA;Manufatura;Marco Uliano;Sem Atividade;Dentro do Planejamento;0;Não Iniciado
P2;Realizar Fechamento de Custos;ASTRA.PPE.0011.V6;Planejamento de Produção ao Estoque;ASTRA COMERCIAL DE PRODUTOS ALIMENTICIOS LTDA;Controladoria;Marco Uliano;Sem Atividade;Dentro do Planejamento;0;Não Iniciado
P2;Realizar Fechamento de Custos;CASSILANDIA.PPE.0017.V6;Planejamento de Produção ao Estoque;CASSILANDIA AGROAVICOLA LTDA;Controladoria;Paulo Pacheco;Sem Atividade;Dentro do Planejamento;0;Não Iniciado
P2;Relatórios de Verificação de Custos;CASSILANDIA.PPE.0013.V6;Planejamento de Produção ao Estoque;CASSILANDIA AGROAVICOLA LTDA;Controladoria;Paulo Pacheco;Sem Atividade;Dentro do Planejamento;0;Não Iniciado
P2;Relatórios de Verificação de Custos;ASTRA.PPE.0007.V6;Planejamento de Produção ao Estoque;ASTRA COMERCIAL DE PRODUTOS ALIMENTICIOS LTDA;Controladoria;Marco Uliano;Sem Atividade;Dentro do Planejamento;0;Não Iniciado
P3;Calculo das Taxas de Recursos;BELLO.PPE.0054.V6;Planejamento de Produção ao Estoque;BELLO ALIMENTOS LTDA;Controladoria;Marco Uliano;Sem Atividade;Dentro do Planejamento;0;Não Iniciado
P3;Calculo das Taxas de Recursos;PLUMA_AGRO.PPE.0057.V6;Planejamento de Produção ao Estoque;PLUMA AGROAVICOLA LTDA;Controladoria;Paulo Pacheco;Sem Atividade;Dentro do Planejamento;0;Não Iniciado
P3;Calculo das Taxas de Recursos;GPL_TRADING.PPE.0008.V6;Planejamento de Produção ao Estoque;GPL TRADING IMPORTACAO E EXPORTACAO LTDA;Controladoria;Paulo Pacheco;Sem Atividade;Dentro do Planejamento;0;Não Iniciado
P3;Calculo das Taxas de Recursos;PLUMA_GEN.PPE.0018.V6;Planejamento de Produção ao Estoque;PLUMA GENETICS LTDA;Controladoria;Paulo Pacheco;Sem Atividade;Dentro do Planejamento;0;Não Iniciado
P3;Calculo das Taxas de Recursos;DF_AVES.PPE.0007.V6;Planejamento de Produção ao Estoque;DF AVES LTDA;Controladoria;Marco Uliano;Sem Atividade;Dentro do Planejamento;0;Não Iniciado
P3;Calculo das Taxas de Recursos;DOURAMIX.PPE.0011.V6;Planejamento de Produção ao Estoque;RACOES DOURAMIX LTDA;Controladoria;Paulo Pacheco;Sem Atividade;Dentro do Planejamento;0;Não Iniciado
P3;Calculo das Taxas de Recursos;COPRIMAR.PPE.0007.V6;Planejamento de Produção ao Estoque;COPRIMAR COMERCIO DE PESCADOS E FRUTOS DO MAR LTDA;Controladoria;Marco Uliano;Sem Atividade;Dentro do Planejamento;0;Não Iniciado
P3;Calculo das Taxas de Recursos;PLUSVAL.PPE.0058.V6;Planejamento de Produção ao Estoque;PLUSVAL AGROAVICOLA LTDA;Controladoria;Marco Uliano;Sem Atividade;Dentro do Planejamento;0;Não Iniciado
P3;Contabilização de Custos;BELLO.PPE.0052.V6;Planejamento de Produção ao Estoque;BELLO ALIMENTOS LTDA;Controladoria;Marco Uliano;Sem Atividade;Dentro do Planejamento;0;Não Iniciado
P3;Custo Gerencial Frango Vivo;BELLO.PPE.0165.V3;Planejamento de Produção ao Estoque;BELLO ALIMENTOS LTDA;Controladoria;Marco Uliano;Sem Atividade;Dentro do Planejamento;0;Não Iniciado
P3;Indice de absorção da carne Frigorifico Ap do Taboado;BELLO.PPE.0182.V3;Planejamento de Produção ao Estoque;BELLO ALIMENTOS LTDA;Controladoria;Marco Uliano;Sem Atividade;Dentro do Planejamento;0;Não Iniciado
P3;Indice de absorção da carne Frigorifico Itaquirai;BELLO.PPE.0168.V3;Planejamento de Produção ao Estoque;BELLO ALIMENTOS LTDA;Controladoria;Marco Uliano;Sem Atividade;Dentro do Planejamento;0;Não Iniciado
P3;Indice de absorção da carne Frigorifico Peixe Ap do Taboado;BELLO.PPE.0173.V3;Planejamento de Produção ao Estoque;BELLO ALIMENTOS LTDA;Controladoria;Marco Uliano;Sem Atividade;Dentro do Planejamento;0;Não Iniciado
P3;Ordem de Produção (Embutidos) Descongelamento - Bello Balsa Nova;BELLO.PPE.0179.V3;Planejamento de Produção ao Estoque;BELLO ALIMENTOS LTDA;Manufatura;Marco Uliano;Sem Atividade;Dentro do Planejamento;0;Não Iniciado
P3;Ordem de Produção (Embutidos) Descongelamento - Bello Eldorado;BELLO.PPE.0177.V3;Planejamento de Produção ao Estoque;BELLO ALIMENTOS LTDA;Manufatura;Marco Uliano;Sem Atividade;Dentro do Planejamento;0;Não Iniciado
P3;Ordem de Produção (Embutidos) Elaborados - Bello Balsa Nova;BELLO.PPE.0161.V3;Planejamento de Produção ao Estoque;BELLO ALIMENTOS LTDA;Manufatura;Marco Uliano;Sem Atividade;Dentro do Planejamento;0;Não Iniciado
P3;Ordem de Produção (Embutidos) Elaborados - Bello Eldorado;BELLO.PPE.0172.V3;Planejamento de Produção ao Estoque;BELLO ALIMENTOS LTDA;Manufatura;Marco Uliano;Sem Atividade;Dentro do Planejamento;0;Não Iniciado
P3;Ordem de Produção (Embutidos) Massadas - Bello Balsa Nova;BELLO.PPE.0166.V3;Planejamento de Produção ao Estoque;BELLO ALIMENTOS LTDA;Manufatura;Marco Uliano;Sem Atividade;Dentro do Planejamento;0;Não Iniciado
P3;Ordem de Produção (Embutidos) Massadas - Bello Eldorado;BELLO.PPE.0163.V3;Planejamento de Produção ao Estoque;BELLO ALIMENTOS LTDA;Manufatura;Marco Uliano;Sem Atividade;Dentro do Planejamento;0;Não Iniciado
P3;Ordem de Produção (Embutidos) Premix - Bello Balsa Nova;BELLO.PPE.0181.V3;Planejamento de Produção ao Estoque;BELLO ALIMENTOS LTDA;Manufatura;Marco Uliano;Sem Atividade;Dentro do Planejamento;0;Não Iniciado
P3;Ordem de Produção (Embutidos) Premix - Bello Eldorado;BELLO.PPE.0175.V3;Planejamento de Produção ao Estoque;BELLO ALIMENTOS LTDA;Manufatura;Marco Uliano;Sem Atividade;Dentro do Planejamento;0;Não Iniciado
P3;Ordem de Produção (Embutidos) Produto Acabado - Bello Balsa Nova;BELLO.PPE.0176.V3;Planejamento de Produção ao Estoque;BELLO ALIMENTOS LTDA;Manufatura;Marco Uliano;Sem Atividade;Dentro do Planejamento;0;Não Iniciado
P3;Ordem de Produção (Embutidos) Produto Acabado - Bello Eldorado;BELLO.PPE.0169.V3;Planejamento de Produção ao Estoque;BELLO ALIMENTOS LTDA;Manufatura;Marco Uliano;Sem Atividade;Dentro do Planejamento;0;Não Iniciado
P3;Ordem de Produção (Fabrica de Ração) - Bello AP. do Taboado;BELLO.PPE.0171.V3;Planejamento de Produção ao Estoque;BELLO ALIMENTOS LTDA;Manufatura;Marco Uliano;Sem Atividade;Dentro do Planejamento;0;Não Iniciado
P3;Ordem de Produção (Fabrica de Ração) - Bello Itaquirai;BELLO.PPE.0174.V3;Planejamento de Produção ao Estoque;BELLO ALIMENTOS LTDA;Manufatura;Marco Uliano;Sem Atividade;Dentro do Planejamento;0;Não Iniciado
P3;Ordem de Produção (FFO) Propria - Bello Itaquirai;BELLO.PPE.0160.V5;Planejamento de Produção ao Estoque;BELLO ALIMENTOS LTDA;Manufatura;Marco Uliano;Sem Atividade;Dentro do Planejamento;0;Não Iniciado
P3;Ordem de Produção Frango Vivo - Bello Ap do Taboado;BELLO.PPE.0180.V3;Planejamento de Produção ao Estoque;BELLO ALIMENTOS LTDA;Manufatura;Marco Uliano;Sem Atividade;Dentro do Planejamento;0;Não Iniciado
P3;Ordem de Produção Frango Vivo - Bello Itaquiraí;BELLO.PPE.0178.V3;Planejamento de Produção ao Estoque;BELLO ALIMENTOS LTDA;Manufatura;Marco Uliano;Sem Atividade;Dentro do Planejamento;0;Não Iniciado
P3;Ordem de Produção (Frigorifico) Ordem Processo - Bello Ap. do Taboado;BELLO.PPE.0167.V3;Planejamento de Produção ao Estoque;BELLO ALIMENTOS LTDA;Manufatura;Marco Uliano;Sem Atividade;Dentro do Planejamento;0;Não Iniciado
P3;Ordem de Produção (Frigorifico) Ordem Processo - Bello Ap do Taboado Peixe;BELLO.PPE.0164.V3;Planejamento de Produção ao Estoque;BELLO ALIMENTOS LTDA;Manufatura;Marco Uliano;Sem Atividade;Dentro do Planejamento;0;Não Iniciado
P3;Ordem de Produção (Frigorifico) Ordem Processo - Bello Itaporã;BELLO.PPE.0170.V3;Planejamento de Produção ao Estoque;BELLO ALIMENTOS LTDA;Manufatura;Marco Uliano;Sem Atividade;Dentro do Planejamento;0;Não Iniciado
P3;Ordem de Produção (Frigorifico) Ordem Processo - Bello Itaquirai;BELLO.PPE.0162.V3;Planejamento de Produção ao Estoque;BELLO ALIMENTOS LTDA;Manufatura;Marco Uliano;Sem Atividade;Dentro do Planejamento;0;Não Iniciado
P3;Realizar Fechamento de Custos;BELLO.PPE.0055.V6;Planejamento de Produção ao Estoque;BELLO ALIMENTOS LTDA;Controladoria;Marco Uliano;Sem Atividade;Dentro do Planejamento;0;Não Iniciado
P3;Relatórios de Verificação de Custos;BELLO.PPE.0053.V6;Planejamento de Produção ao Estoque;BELLO ALIMENTOS LTDA;Controladoria;Marco Uliano;Sem Atividade;Dentro do Planejamento;0;Não Iniciado
P4;Contabilização de Custos;PLUMA_AGRO.PPE.0058.V6;Planejamento de Produção ao Estoque;PLUMA AGROAVICOLA LTDA;Controladoria;Paulo Pacheco;Sem Atividade;Dentro do Planejamento;0;Não Iniciado
P4;Contabilização de Custos;PLUSVAL.PPE.0057.V6;Planejamento de Produção ao Estoque;PLUSVAL AGROAVICOLA LTDA;Controladoria;Marco Uliano;Sem Atividade;Dentro do Planejamento;0;Não Iniciado
P4;Contabilização de Custos;PLUMA_GEN.PPE.0017.V6;Planejamento de Produção ao Estoque;PLUMA GENETICS LTDA;Controladoria;Paulo Pacheco;Sem Atividade;Dentro do Planejamento;0;Não Iniciado
P4;Contabilização de Custos;GPL_TRADING.PPE.0007.V6;Planejamento de Produção ao Estoque;GPL TRADING IMPORTACAO E EXPORTACAO LTDA;Controladoria;Paulo Pacheco;Sem Atividade;Dentro do Planejamento;0;Não Iniciado
P4;Contabilização de Custos;DF_AVES.PPE.0009.V6;Planejamento de Produção ao Estoque;DF AVES LTDA;Controladoria;Marco Uliano;Sem Atividade;Dentro do Planejamento;0;Não Iniciado
P4;Contabilização de Custos;DOURAMIX.PPE.0009.V6;Planejamento de Produção ao Estoque;RACOES DOURAMIX LTDA;Controladoria;Paulo Pacheco;Sem Atividade;Dentro do Planejamento;0;Não Iniciado
P4;Contabilização de Custos;COPRIMAR.PPE.0010.V6;Planejamento de Produção ao Estoque;COPRIMAR COMERCIO DE PESCADOS E FRUTOS DO MAR LTDA;Controladoria;Marco Uliano;Sem Atividade;Dentro do Planejamento;0;Não Iniciado
P4;Custo Gerencial Frango Vivo;PLUSVAL.PPE.0155.V3;Planejamento de Produção ao Estoque;PLUSVAL AGROAVICOLA LTDA;Controladoria;Marco Uliano;Sem Atividade;Dentro do Planejamento;0;Não Iniciado
P4;Custo Gerencial Frango Vivo;PLUMA_AGRO.PPE.0336.V3;Planejamento de Produção ao Estoque;PLUMA AGROAVICOLA LTDA;Controladoria;Marco Uliano;Sem Atividade;Dentro do Planejamento;0;Não Iniciado
P4;Indice de absorção da carne Frigorifico Brazlandia;DF_AVES.PPE.0013.V3;Planejamento de Produção ao Estoque;DF AVES LTDA;Controladoria;Marco Uliano;Sem Atividade;Dentro do Planejamento;0;Não Iniciado
P4;Indice de absorção da carne Frigorifico Ipora;PLUSVAL.PPE.0157.V3;Planejamento de Produção ao Estoque;PLUSVAL AGROAVICOLA LTDA;Controladoria;Marco Uliano;Sem Atividade;Dentro do Planejamento;0;Não Iniciado
P4;Indice de absorção da carne Frigorifico Umuarama;PLUSVAL.PPE.0150.V3;Planejamento de Produção ao Estoque;PLUSVAL AGROAVICOLA LTDA;Controladoria;Marco Uliano;Sem Atividade;Dentro do Planejamento;0;Não Iniciado
P4;Ordem de Produção Aves em Recria PARA terceiros - Pluma Rib Bonito;PLUMA_AGRO.PPE.0334.V3;Planejamento de Produção ao Estoque;PLUMA AGROAVICOLA LTDA;Manufatura;Paulo Pacheco;Sem Atividade;Dentro do Planejamento;0;Não Iniciado
P4;Ordem de Produção Aves em Recria PARA terceiros - Pluma Rincao;PLUMA_AGRO.PPE.0342.V3;Planejamento de Produção ao Estoque;PLUMA AGROAVICOLA LTDA;Manufatura;Paulo Pacheco;Sem Atividade;Dentro do Planejamento;0;Não Iniciado
P4;Ordem de Produção Aves em Recria PARA terceiros - Pluma Rio Claro;PLUMA_AGRO.PPE.0340.V3;Planejamento de Produção ao Estoque;PLUMA AGROAVICOLA LTDA;Manufatura;Paulo Pacheco;Sem Atividade;Dentro do Planejamento;0;Não Iniciado
P4;Ordem de Produção Aves em Recria PARA terceiros - Pluma São Carlos;PLUMA_AGRO.PPE.0337.V3;Planejamento de Produção ao Estoque;PLUMA AGROAVICOLA LTDA;Manufatura;Paulo Pacheco;Sem Atividade;Dentro do Planejamento;0;Não Iniciado
P4;Ordem de Produção Aves em Recria PARA terceiros - Pluma Tiete;PLUMA_AGRO.PPE.0327.V3;Planejamento de Produção ao Estoque;PLUMA AGROAVICOLA LTDA;Manufatura;Paulo Pacheco;Sem Atividade;Dentro do Planejamento;0;Não Iniciado
P4;Ordem de Produção Aves em Recria PARA terceiros - Plumagen Birigui;PLUMA_GEN.PPE.0021.V3;Planejamento de Produção ao Estoque;PLUMA GENETICS LTDA;Manufatura;Paulo Pacheco;Sem Atividade;Dentro do Planejamento;0;Não Iniciado
P4;Ordem de Produção Aves em Recria PARA terceiros - Plumagen Campina Grande;PLUMA_GEN.PPE.0025.V3;Planejamento de Produção ao Estoque;PLUMA GENETICS LTDA;Manufatura;Paulo Pacheco;Sem Atividade;Dentro do Planejamento;0;Não Iniciado
P4;Ordem de Produção (Fabrica de Ração) - Douramix;DOURAMIX.PPE.003.V6;Planejamento de Produção ao Estoque;RACOES DOURAMIX LTDA;Manufatura;Marco Uliano;Sem Atividade;Dentro do Planejamento;0;Não Iniciado
P4;Ordem de Produção (Fabrica de Ração) - Pluma Bariri;PLUMA_AGRO.PPE.0338.V3;Planejamento de Produção ao Estoque;PLUMA AGROAVICOLA LTDA;Manufatura;Paulo Pacheco;Sem Atividade;Dentro do Planejamento;0;Não Iniciado
P4;Ordem de Produção (Fabrica de Ração) - Pluma Formosa;PLUMA_AGRO.PPE.0335.V3;Planejamento de Produção ao Estoque;PLUMA AGROAVICOLA LTDA;Manufatura;Paulo Pacheco;Sem Atividade;Dentro do Planejamento;0;Não Iniciado
P4;Ordem de Produção (Fabrica de Ração) - Plusval Umuarama;PLUSVAL.PPE.0154.V3;Planejamento de Produção ao Estoque;PLUSVAL AGROAVICOLA LTDA;Manufatura;Marco Uliano;Sem Atividade;Dentro do Planejamento;0;Não Iniciado
P4;Ordem de Produção (Fabrica de Ração) Em Terceiros - Pluma Cascavel;PLUMA_AGRO.PPE.0325.V3;Planejamento de Produção ao Estoque;PLUMA AGROAVICOLA LTDA;Manufatura;Paulo Pacheco;Sem Atividade;Dentro do Planejamento;0;Não Iniciado
P4;Ordem de Produção (Fabrica de Ração) Em Terceiros - Plusval Cascavel;PLUSVAL.PPE.0164.V3;Planejamento de Produção ao Estoque;PLUSVAL AGROAVICOLA LTDA;Manufatura;Marco Uliano;Sem Atividade;Dentro do Planejamento;0;Não Iniciado
P4;Ordem de Produção (Fabrica de Ração) Para Terceiros - Pluma Bariri;PLUMA_AGRO.PPE.0330.V3;Planejamento de Produção ao Estoque;PLUMA AGROAVICOLA LTDA;Manufatura;Paulo Pacheco;Sem Atividade;Dentro do Planejamento;0;Não Iniciado
P4;Ordem de Produção (FFO) Em Terceiros - Plusval Capanema;PLUSVAL.PPE.0160.V3;Planejamento de Produção ao Estoque;PLUSVAL AGROAVICOLA LTDA;Manufatura;Marco Uliano;Sem Atividade;Dentro do Planejamento;0;Não Iniciado
P4;Ordem de Produção (FFO) Para Terceiros - Plusval Tupassi;PLUSVAL.PPE.0166.V3;Planejamento de Produção ao Estoque;PLUSVAL AGROAVICOLA LTDA;Manufatura;Marco Uliano;Sem Atividade;Dentro do Planejamento;0;Não Iniciado
P4;Ordem de Produção (FFO) Propria - Bello Ap. do Taboado Frango;PLUSVAL.PPE.0161.V3;Planejamento de Produção ao Estoque;PLUSVAL AGROAVICOLA LTDA;Manufatura;Marco Uliano;Sem Atividade;Dentro do Planejamento;0;Não Iniciado
P4;Ordem de Produção (FFO) Propria - Bello Ap. do Taboado Peixe;PLUSVAL.PPE.0147.V3;Planejamento de Produção ao Estoque;PLUSVAL AGROAVICOLA LTDA;Manufatura;Marco Uliano;Sem Atividade;Dentro do Planejamento;0;Não Iniciado
P4;Ordem de Produção (FFO) Propria - Mais Frango;PLUSVAL.PPE.0152.V3;Planejamento de Produção ao Estoque;PLUSVAL AGROAVICOLA LTDA;Manufatura;Marco Uliano;Sem Atividade;Dentro do Planejamento;0;Não Iniciado
P4;Ordem de Produção (FFO) Propria - Plusval Tupassi;PLUSVAL.PPE.0163.V3;Planejamento de Produção ao Estoque;PLUSVAL AGROAVICOLA LTDA;Manufatura;Marco Uliano;Sem Atividade;Dentro do Planejamento;0;Não Iniciado
P4;Ordem de Produção Frango Vivo - Pluma Formosa;PLUMA_AGRO.PPE.0331.V3;Planejamento de Produção ao Estoque;PLUMA AGROAVICOLA LTDA;Manufatura;Paulo Pacheco;Sem Atividade;Dentro do Planejamento;0;Não Iniciado
P4;Ordem de Produção Frango Vivo - Pluma Toledo;PLUMA_AGRO.PPE.0320.V5;Planejamento de Produção ao Estoque;PLUMA AGROAVICOLA LTDA;Manufatura;Paulo Pacheco;Sem Atividade;Dentro do Planejamento;0;Não Iniciado
P4;Ordem de Produção Frango Vivo - Plusval Capanema;PLUSVAL.PPE.0153.V3;Planejamento de Produção ao Estoque;PLUSVAL AGROAVICOLA LTDA;Manufatura;Marco Uliano;Sem Atividade;Dentro do Planejamento;0;Não Iniciado
P4;Ordem de Produção Frango Vivo - Plusval Ipora;PLUSVAL.PPE.0148.V3;Planejamento de Produção ao Estoque;PLUSVAL AGROAVICOLA LTDA;Manufatura;Marco Uliano;Sem Atividade;Dentro do Planejamento;0;Não Iniciado
P4;Ordem de Produção Frango Vivo - Plusval Umuarama;PLUSVAL.PPE.0146.V5;Planejamento de Produção ao Estoque;PLUSVAL AGROAVICOLA LTDA;Manufatura;Marco Uliano;Sem Atividade;Dentro do Planejamento;0;Não Iniciado
P4;Ordem de Produção (Frigorifico) Em Terceiros - Plusval Capanema;PLUSVAL.PPE.0158.V3;Planejamento de Produção ao Estoque;PLUSVAL AGROAVICOLA LTDA;Manufatura;Marco Uliano;Sem Atividade;Dentro do Planejamento;0;Não Iniciado
P4;Ordem de Produção (Frigorifico) Industrialização Para Terceiros - DF Aves;DF_AVES.PPE.0012.V5;Planejamento de Produção ao Estoque;DF AVES LTDA;Manufatura;Marco Uliano;Sem Atividade;Dentro do Planejamento;0;Não Iniciado
P4;Ordem de Produção (Frigorifico) Ordem Processo - Coprimar;COPRIMAR.PPE.003.V6;Planejamento de Produção ao Estoque;COPRIMAR COMERCIO DE PESCADOS E FRUTOS DO MAR LTDA;Manufatura;Marco Uliano;Sem Atividade;Dentro do Planejamento;0;Não Iniciado
P4;Ordem de Produção (Frigorifico) Ordem Processo - DF Aves;DF_AVES.PPE.002.V6;Planejamento de Produção ao Estoque;DF AVES LTDA;Manufatura;Marco Uliano;Sem Atividade;Dentro do Planejamento;0;Não Iniciado
P4;Ordem de Produção (Frigorifico) Ordem Processo - Plusval Iporã;PLUSVAL.PPE.0151.V3;Planejamento de Produção ao Estoque;PLUSVAL AGROAVICOLA LTDA;Manufatura;Marco Uliano;Sem Atividade;Dentro do Planejamento;0;Não Iniciado
P4;Ordem de Produção (Frigorifico) Ordem Processo - Plusval Umuarama;PLUSVAL.PPE.0165.V3;Planejamento de Produção ao Estoque;PLUSVAL AGROAVICOLA LTDA;Manufatura;Marco Uliano;Sem Atividade;Dentro do Planejamento;0;Não Iniciado
P4;Ordem de Produção Incubatório - Pluma Bom Sucesso;PLUMA_AGRO.PPE.0321.V3;Planejamento de Produção ao Estoque;PLUMA AGROAVICOLA LTDA;Manufatura;Paulo Pacheco;Sem Atividade;Dentro do Planejamento;0;Não Iniciado
P4;Ordem de Produção Incubatório - Pluma Brasilia;PLUMA_AGRO.PPE.0346.V3;Planejamento de Produção ao Estoque;PLUMA AGROAVICOLA LTDA;Manufatura;Paulo Pacheco;Sem Atividade;Dentro do Planejamento;0;Não Iniciado
P4;Ordem de Produção Incubatório - Pluma Cruzeiro do Sul;PLUMA_AGRO.PPE.0348.V3;Planejamento de Produção ao Estoque;PLUMA AGROAVICOLA LTDA;Manufatura;Paulo Pacheco;Sem Atividade;Dentro do Planejamento;0;Não Iniciado
P4;Ordem de Produção Incubatório - Pluma Descalvado;PLUMA_AGRO.PPE.0345.V3;Planejamento de Produção ao Estoque;PLUMA AGROAVICOLA LTDA;Manufatura;Paulo Pacheco;Sem Atividade;Dentro do Planejamento;0;Não Iniciado
P4;Ordem de Produção Incubatório - Pluma Dois Vizinhos;PLUMA_AGRO.PPE.0326.V3;Planejamento de Produção ao Estoque;PLUMA AGROAVICOLA LTDA;Manufatura;Paulo Pacheco;Sem Atividade;Dentro do Planejamento;0;Não Iniciado
P4;Ordem de Produção Incubatório - Pluma Gen Birigui;PLUMA_GEN.PPE.0022.V3;Planejamento de Produção ao Estoque;PLUMA GENETICS LTDA;Manufatura;Paulo Pacheco;Sem Atividade;Dentro do Planejamento;0;Não Iniciado
P4;Ordem de Produção Incubatório - Pluma Gen Campina Grande;PLUMA_GEN.PPE.0020.V5;Planejamento de Produção ao Estoque;PLUMA GENETICS LTDA;Manufatura;Paulo Pacheco;Sem Atividade;Dentro do Planejamento;0;Não Iniciado
P4;Ordem de Produção Incubatório - Pluma Gen Tiete;PLUMA_GEN.PPE.0024.V3;Planejamento de Produção ao Estoque;PLUMA GENETICS LTDA;Manufatura;Paulo Pacheco;Sem Atividade;Dentro do Planejamento;0;Não Iniciado
P4;Ordem de Produção Incubatório - Pluma Ipora;PLUMA_AGRO.PPE.0323.V3;Planejamento de Produção ao Estoque;PLUMA AGROAVICOLA LTDA;Manufatura;Paulo Pacheco;Sem Atividade;Dentro do Planejamento;0;Não Iniciado
P4;Ordem de Produção Incubatório - Pluma Louveira;PLUMA_AGRO.PPE.0344.V3;Planejamento de Produção ao Estoque;PLUMA AGROAVICOLA LTDA;Manufatura;Paulo Pacheco;Sem Atividade;Dentro do Planejamento;0;Não Iniciado
P4;Ordem de Produção Incubatório - Pluma São Jose Patrocinio;PLUMA_AGRO.PPE.0322.V3;Planejamento de Produção ao Estoque;PLUMA AGROAVICOLA LTDA;Manufatura;Paulo Pacheco;Sem Atividade;Dentro do Planejamento;0;Não Iniciado
P4;Ordem de Produção Incubatório - Plusval Nova Olimpia;PLUSVAL.PPE.0159.V3;Planejamento de Produção ao Estoque;PLUSVAL AGROAVICOLA LTDA;Manufatura;Marco Uliano;Sem Atividade;Dentro do Planejamento;0;Não Iniciado
P4;Ordem de Produção (Incubatorio) Em Terceiros - Pluma Dois Vizinhos 0001;PLUMA_AGRO.PPE.0328.V3;Planejamento de Produção ao Estoque;PLUMA AGROAVICOLA LTDA;Manufatura;Paulo Pacheco;Sem Atividade;Dentro do Planejamento;0;Não Iniciado
P4;Ordem de Produção (Incubatorio) Em Terceiros - Pluma Dois Vizinhos 0003;PLUMA_AGRO.PPE.0333.V3;Planejamento de Produção ao Estoque;PLUMA AGROAVICOLA LTDA;Manufatura;Paulo Pacheco;Sem Atividade;Dentro do Planejamento;0;Não Iniciado
P4;Ordem de Produção (Incubatorio) Em Terceiros - Pluma Faxinal dos Guedes;PLUMA_AGRO.PPE.0329.V3;Planejamento de Produção ao Estoque;PLUMA AGROAVICOLA LTDA;Manufatura;Paulo Pacheco;Sem Atividade;Dentro do Planejamento;0;Não Iniciado
P4;Ordem de Produção (Incubatorio) Em Terceiros - Pluma Ipora;PLUMA_AGRO.PPE.0349.V3;Planejamento de Produção ao Estoque;PLUMA AGROAVICOLA LTDA;Manufatura;Paulo Pacheco;Sem Atividade;Dentro do Planejamento;0;Não Iniciado
P4;Ordem de Produção (Incubatorio) Em Terceiros - Plusval Capanema;PLUSVAL.PPE.0167.V3;Planejamento de Produção ao Estoque;PLUSVAL AGROAVICOLA LTDA;Manufatura;Marco Uliano;Sem Atividade;Dentro do Planejamento;0;Não Iniciado
P4;Ordem de Produção (Incubatorio) Em Terceiros - Plusval Ipora;PLUSVAL.PPE.0156.V3;Planejamento de Produção ao Estoque;PLUSVAL AGROAVICOLA LTDA;Manufatura;Marco Uliano;Sem Atividade;Dentro do Planejamento;0;Não Iniciado
P4;Ordem de Produção Incubatorio Para Terceiros - Pluma Ipora;PLUMA_AGRO.PPE.0343.V3;Planejamento de Produção ao Estoque;PLUMA AGROAVICOLA LTDA;Manufatura;Paulo Pacheco;Sem Atividade;Dentro do Planejamento;0;Não Iniciado
P4;Ordem de Produção Incubatorio Para Terceiros - Plusval Nova Olimpia;PLUSVAL.PPE.0162.V3;Planejamento de Produção ao Estoque;PLUSVAL AGROAVICOLA LTDA;Manufatura;Marco Uliano;Sem Atividade;Dentro do Planejamento;0;Não Iniciado
P4;Ordem de Produção Ovos Embrionados - Pluma;PLUMA_AGRO.PPE.0347.V3;Planejamento de Produção ao Estoque;PLUMA AGROAVICOLA LTDA;Manufatura;Paulo Pacheco;Sem Atividade;Dentro do Planejamento;0;Não Iniciado
P4;Ordem de Produção Ovos Ferteis - Pluma;PLUMA_AGRO.PPE.0332.V3;Planejamento de Produção ao Estoque;PLUMA AGROAVICOLA LTDA;Manufatura;Paulo Pacheco;Sem Atividade;Dentro do Planejamento;0;Não Iniciado
P4;Ordem de Produção Ovos Ferteis - Plumagen;PLUMA_GEN.PPE.0023.V3;Planejamento de Produção ao Estoque;PLUMA GENETICS LTDA;Manufatura;Paulo Pacheco;Sem Atividade;Dentro do Planejamento;0;Não Iniciado
P4;Ordem de Produção Ovos Ferteis - Plusval;PLUSVAL.PPE.0149.V3;Planejamento de Produção ao Estoque;PLUSVAL AGROAVICOLA LTDA;Manufatura;Marco Uliano;Sem Atividade;Dentro do Planejamento;0;Não Iniciado
P4;Ordem de Produção Ovos Ferteis Parceria - Pluma;PLUMA_AGRO.PPE.0324.V3;Planejamento de Produção ao Estoque;PLUMA AGROAVICOLA LTDA;Manufatura;Paulo Pacheco;Sem Atividade;Dentro do Planejamento;0;Não Iniciado
P4;Realizar Fechamento de Custos;DF_AVES.PPE.0010.V6;Planejamento de Produção ao Estoque;DF AVES LTDA;Controladoria;Marco Uliano;Sem Atividade;Dentro do Planejamento;0;Não Iniciado
P4;Realizar Fechamento de Custos;DOURAMIX.PPE.0007.V6;Planejamento de Produção ao Estoque;RACOES DOURAMIX LTDA;Controladoria;Paulo Pacheco;Sem Atividade;Dentro do Planejamento;0;Não Iniciado
P4;Realizar Fechamento de Custos;PLUMA_AGRO.PPE.0055.V6;Planejamento de Produção ao Estoque;PLUMA AGROAVICOLA LTDA;Controladoria;Paulo Pacheco;Sem Atividade;Dentro do Planejamento;0;Não Iniciado
P4;Realizar Fechamento de Custos;PLUSVAL.PPE.0059.V6;Planejamento de Produção ao Estoque;PLUSVAL AGROAVICOLA LTDA;Controladoria;Marco Uliano;Sem Atividade;Dentro do Planejamento;0;Não Iniciado
P4;Realizar Fechamento de Custos;PLUMA_GEN.PPE.0015.V6;Planejamento de Produção ao Estoque;PLUMA GENETICS LTDA;Controladoria;Paulo Pacheco;Sem Atividade;Dentro do Planejamento;0;Não Iniciado
P4;Realizar Fechamento de Custos;GPL_TRADING.PPE.0006.V6;Planejamento de Produção ao Estoque;GPL TRADING IMPORTACAO E EXPORTACAO LTDA;Controladoria;Paulo Pacheco;Sem Atividade;Dentro do Planejamento;0;Não Iniciado
P4;Realizar Fechamento de Custos;COPRIMAR.PPE.0008.V6;Planejamento de Produção ao Estoque;COPRIMAR COMERCIO DE PESCADOS E FRUTOS DO MAR LTDA;Controladoria;Marco Uliano;Sem Atividade;Dentro do Planejamento;0;Não Iniciado
P4;Relatórios de Verificação de Custos;GPL_TRADING.PPE.0005.V6;Planejamento de Produção ao Estoque;GPL TRADING IMPORTACAO E EXPORTACAO LTDA;Controladoria;Paulo Pacheco;Sem Atividade;Dentro do Planejamento;0;Não Iniciado
P4;Relatórios de Verificação de Custos;PLUMA_AGRO.PPE.0054.V6;Planejamento de Produção ao Estoque;PLUMA AGROAVICOLA LTDA;Controladoria;Paulo Pacheco;Sem Atividade;Dentro do Planejamento;0;Não Iniciado
P4;Relatórios de Verificação de Custos;DOURAMIX.PPE.0008.V6;Planejamento de Produção ao Estoque;RACOES DOURAMIX LTDA;Controladoria;Paulo Pacheco;Sem Atividade;Dentro do Planejamento;0;Não Iniciado
P4;Relatórios de Verificação de Custos;COPRIMAR.PPE.0009.V6;Planejamento de Produção ao Estoque;COPRIMAR COMERCIO DE PESCADOS E FRUTOS DO MAR LTDA;Controladoria;Marco Uliano;Sem Atividade;Dentro do Planejamento;0;Não Iniciado
P4;Relatórios de Verificação de Custos;PLUSVAL.PPE.0060.V6;Planejamento de Produção ao Estoque;PLUSVAL AGROAVICOLA LTDA;Controladoria;Marco Uliano;Sem Atividade;Dentro do Planejamento;0;Não Iniciado
P4;Relatórios de Verificação de Custos;DF_AVES.PPE.0011.V6;Planejamento de Produção ao Estoque;DF AVES LTDA;Controladoria;Marco Uliano;Sem Atividade;Dentro do Planejamento;0;Não Iniciado
P4;Relatórios de Verificação de Custos;PLUMA_GEN.PPE.0019.V6;Planejamento de Produção ao Estoque;PLUMA GENETICS LTDA;Controladoria;Paulo Pacheco;Sem Atividade;Dentro do Planejamento;0;Não Iniciado
P5;Ordem de Produção Peixe Vivo Proprio - Mar e Terra Itapora;MAPA.PPE.0001.V5;Planejamento de Produção ao Estoque;MAPA PARTICIPACOES SOCIAIS LTDA;Manufatura;Marco Uliano;Sem Atividade;Dentro do Planejamento;0;Não Iniciado
P9;Fechar Período de Custos;ASTRA.PPE.0010.V4;Planejamento de Produção ao Estoque;ASTRA COMERCIAL DE PRODUTOS ALIMENTICIOS LTDA;Controladoria;Marco Uliano;Sem Atividade;Ok;2;Concluído
P9;Fechar Período de Custos;PLUMA_AGRO.PPE.0056.V4;Planejamento de Produção ao Estoque;PLUMA AGROAVICOLA LTDA;Controladoria;Paulo Pacheco;Sem Atividade;Ok;1;Concluído
P9;Fechar Período de Custos;PLUSVAL.PPE.0061.V4;Planejamento de Produção ao Estoque;PLUSVAL AGROAVICOLA LTDA;Controladoria;Marco Uliano;Sem Atividade;Ok;2;Concluído
P9;Fechar Período de Custos;DF_AVES.PPE.0008.V4;Planejamento de Produção ao Estoque;DF AVES LTDA;Controladoria;Marco Uliano;Sem Atividade;Ok;1;Concluído
P9;Fechar Período de Custos;DOURAMIX.PPE.0010.V4;Planejamento de Produção ao Estoque;RACOES DOURAMIX LTDA;Controladoria;Paulo Pacheco;Sem Atividade;Ok;1;Concluído
P9;Fechar Período de Custos;MAIS_FRANGO.PPE.0016.V4;Planejamento de Produção ao Estoque;MAIS FRANGO MIRAGUAI LTDA;Controladoria;Marco Uliano;Sem Atividade;Ok;1;Concluído
P9;Fechar Período de Custos;COPRIMAR.PPE.0011.V4;Planejamento de Produção ao Estoque;COPRIMAR COMERCIO DE PESCADOS E FRUTOS DO MAR LTDA;Controladoria;Marco Uliano;Sem Atividade;Ok;1;Concluído
P9;Fechar Período de Custos;CASSILANDIA.PPE.0016.V4;Planejamento de Produção ao Estoque;CASSILANDIA AGROAVICOLA LTDA;Controladoria;Paulo Pacheco;Sem Atividade;Ok;1;Concluído
P9;Fechar Período de Custos;MAR_E_TERRA.PPE.0026.V4;Planejamento de Produção ao Estoque;MAR & TERRA INDUSTRIA E COMERCIO DE PESCADOS S.A;Controladoria;Marco Uliano;Sem Atividade;Ok;1;Concluído
